onlyInC217,start..stop,productFromProkka,productFromNZ_CP012019    ,proteinID,aminoAcidSequence
Y,188058..188927,hypothetical protein ,hypothetical protein ,WP_061784081.1,MMDFVINGDELEAMCGLPHIQQLTYLRGIRPYMDVKTGIVGIKRRISHQSISEQLYVEPHQGIKSQSFSRDQVRRAVSGLVRAGLIEVQSEGMHLILKCLLARISHQSISEQLYVEPHQGIKSQSFSRDQVRRAVSGLVRAGLIEVQSEGMHLILKCLLAYLLSQFEKFWSLYPEKKSKNNAQAVFEELQPNSELFHTIINALNDQINHRDTMKLQGTWVPPWKYPANWLAQRCWEDELPTDALQEKHHAEHTKNTRKRHATEDLFCPPCDVEDREHNNVIQLQRYLQS
Y,188893..198255,hypothetical protein ,hypothetical protein ,WP_061784082.1,MSSSSKDTFKAERRIDLLFSKFAAFYGHVWRSQFKDEVFLKFAKKEWQEALADFTDAILTKAILNCREFYELPPTLPQLLYCCRQIRKQESFYVVKDVYQPANKAVVSSCLQKCKELLAK
Y,189268..189471,csrA,carbon storage regulator,WP_061784083.1,MLVLTRKAGQQILIGKGLIQMKVLKVDDDIISIGIKAPQHIDIDREEIYLKKLQQEKTESSMQKVAP
Y,189468..189758,hypothetical protein ,TrbC/VirB2 family protein,WP_061784084.1,MSKLKRWSQSLSDIYLMVVCILLPSLSYAQSIESIINRTINYLQGGLARTVGVFCIIIAGYLCLARQKFPKEYFVMILVGMGIIFGGSSLYSTLIG
Y,189768..190049,hypothetical protein ,VirB3 family type IV secretion system protein,WP_027266232.1,MSDLEISPIFNALTRPAMIAGVTFEYHMLNLIVSMCVFIGLSPLYGLIFIPLHVFGWLVCRYDTHFFTICAKRYLLPEAPNTSLWRVRAYEPF
Y,190036..192516,virB4,type IV secretion/conjugal transfer ATPase,WP_061784085.1,MNLSKTLKQVYQEAKVSDLFPITHLNTPSVFESQSGFVGSVLKVDGAAFEIEEADTLNHQRFLLHQALVSLDSRFIVYVTTHRQKISCPLIGEFKPGFAKELDERYQQRFKDKNLYKNTLYITVVLKGDDSSKTGSWLQWAKSLSIKGNSELAEHHREQNIQTLNRVVEQLQANLAPFRASLLGQHDNALGFSELLQFLGLVVNAGHPALFKQPVYSPPIANSIPNTYKHEIKYPEGHIGQYLSGCQILFGECIQFQGNTQDDCLFGAMLSLKKYPTHTASILLDLLLSLDCEFIATHSFAPIGRDSALDNISKKRSKLLNAEDKALSQTSALTDLEDGIASETLLLGAHHHTVMLLAPSKPLLDAAILEATKRCGAAGIVVVKETLGQEPAFWSQLPCNQHFITRASLITSQNFVDFCPLHNTQTGFSNENFLGGAVTLLETPSKTPVYFNYHARGSKTNPSKGHAAIFGGNNAGKTTLVNFLDAQMGRFGGRSFFIDRDESSKIYVLASGNSSYIKAEPSNPIAMNPLQLPDTAENRSFLKSWFATLVQEEGERLIPSHIAEIINDCIDYNFEQLAPEFRTLSHLSQFLPVDFPRWPHLRRWLKRNDSRIDGEFHWLFDNPNDALNLDFDKVGFDVTYLMDQVQSIIATPVYLYLLHRMRQCLDGRLTSFIIAEAWQLFASPFWEKCLKEWLPTIRKKNGHFIFDTQSPKTITDSPIKHIVLDNLATLIAFPNPLADRETYMEHLKLTEAQFEAIKENTPESRIFLYKQDHEAFLCKLDLSGLSQYIRVLSANTQSVKLLDEIIEEVGQEPELWLPVFFERSKK
Y,192513..193223,hypothetical protein ,type IV secretion system protein,WP_061784086.1,MKRTACFLIAALSLSSVSHADILGVEDAQLILLAMKQLSELQEQYRVLSDTYQTAKNQLDNLNQLKSMNSGHYGFGDINNSLDSLQSWQSPVSTWEDALQNLSGGNQQRYQALVDAYEKNHPALDEASYSRFTTPANAMRFKEDKAVNRAVMVQTTESYNEINKHMEALHKLSQQIEKTPNTKGAIDLNSRLITEIGFIQLMSLRLQALISQQSAQENLSALQDRAEMAKFNRLPK
Y,193238..193384,hypothetical protein ,T4SS-associated protein LvhB7,WP_080453426.1,MKWLLSVLMVVVLSGCSKPPDLDSPCHHFGQYCPQYPINDEPIMELTK
Y,193381..193776,hypothetical protein ,T4SS-associated protein LvrD,WP_061784087.1,MNHLLKSLMVVLMVAAVCACQHENPLKTQPAKASVTFLINASANAEKRLHFAIHKDAYGFAYLECMEGKQSPEIRCDALYQGMIAFAKEGHYSGFQKITLADLTDKNLFELLADDYAETVATTWPHLVSGT
Y,193780..194820,hypothetical protein ,type IV secretion system protein,WP_061784088.1,MNTLQFDNFIIQLAGEVDKLTNHFVFDGYNALASLLKAPLGAMVVLYIILKGYGIALGIIERPRHELFRFSMRVGLIYMMAMNWDLFSSYMRDLFVSGSETIATRLMQAVHKYPSGNSINQGLQNVLNEILKLGSDLFDAGSLRKLTPYFAGMMVFLSGSVTIGLAFIEIVIAKLMLAVTLCTAPLFILFTLFDQTKSFFDRWLGVLAGFAFVLIFVSSVVGLCIHLLHWVTYAFLGNTETLTAAIWVPIFIVACLCVMGITQAVAIGKSIGGSVC TSAGSAMVGGFIGGSLGAWGFSKSSVQKPINTLRQGLGNASRLMEKGKQLGGASHNVFKQLHKHLRKGAS
Y,194817..195533,hypothetical protein ,type IV secretion system protein,WP_061784089.1,MNKTHMNDYFKRARSWADDQFGRVEQSRNRYQAAFLSAMGLNVAALIVIGMLAHYQTVVPMLVHHYDNGVTTVEPIENKETPINRAQIESDIARYIQYRESYDASSYRAQFELVHLLSNSTVAKEYLQEQDAANTASPIHALGNHIKREVRIYSINFLDSVLANEKDLHKDHHALAEVVFSLIDTDKTSGKSTSKHYNAMISWRYTNPPDSPETRWKNWDGFEVTRYTRQTRLMEAQA
,,,,,                     
,,,,,                     
,,,,,                    
,,,,,                     
,,,,,                     
,,,,,                     
,,,,,                     
,,,,,                     
,,,,,                     
